"session","session_id","study_id","iteration","created","modified","ended","expired","count_SN17","nombre_P18","sex_P18","educ_P18","pais_P18","vinculo_P18","region_P18","comuna_P18_1","comuna_P18_2","comuna_P18_3","comuna_P18_4","comuna_P18_5","comuna_P18_6","comuna_P18_7","comuna_P18_8","comuna_P18_9","comuna_P18_10","comuna_P18_11","comuna_P18_12","comuna_P18_13","comuna_P18_14","comuna_P18_15","comuna_P18_16","cuidado_P18_esp","count_SN18","nombre_P19","sex_P19","educ_P19","pais_P19","vinculo_P19","region_P19","comuna_P19_1","comuna_P19_2","comuna_P19_3","comuna_P19_4","comuna_P19_5","comuna_P19_6","comuna_P19_7","comuna_P19_8","comuna_P19_9","comuna_P19_10","comuna_P19_11","comuna_P19_12","comuna_P19_13","comuna_P19_14","comuna_P19_15","comuna_P19_16","cuidado_P19_esp","count_SN19","nombre_P20","sex_P20","educ_P20","pais_P20","vinculo_P20","region_P20","comuna_P20_1","comuna_P20_2","comuna_P20_3","comuna_P20_4","comuna_P20_5","comuna_P20_6","comuna_P20_7","comuna_P20_8","comuna_P20_9","comuna_P20_10","comuna_P20_11","comuna_P20_12","comuna_P20_13","comuna_P20_14","comuna_P20_15","comuna_P20_16","cuidado_P20_esp","count_SN","edad_P18","edad_P19","edad_P20","anio_P18","anio_P19","anio_P20","frecuencia_P18","horas_P18","frecuencia_P19","horas_P19","frecuencia_P20","horas_P20","nombre_P17","sex_P17","edad_P17","educ_P17","pais_P17","region_P17","comuna_P17_1","comuna_P17_2","comuna_P17_3","comuna_P17_4","comuna_P17_5","comuna_P17_6","comuna_P17_7","comuna_P17_8","comuna_P17_9","comuna_P17_10","comuna_P17_11","comuna_P17_12","comuna_P17_13","comuna_P17_14","comuna_P17_15","comuna_P17_16","vinculo_P17","vinculo_P17_esp","anio_P17","cuidado_P17","cuidado_P17_esp","frecuencia_P17","horas_P17","vinculo_P18_esp","cuidado_P18","vinculo_P19_esp","cuidado_P19","vinculo_P20_esp","cuidado_P20","count_SN10","nombre_P11","sex_P11","edad_P11","educ_P11","pais_P11","region_P11","comuna_P11_1","comuna_P11_2","comuna_P11_3","comuna_P11_4","comuna_P11_5","comuna_P11_6","comuna_P11_7","comuna_P11_8","comuna_P11_9","comuna_P11_10","comuna_P11_11","comuna_P11_12","comuna_P11_13","comuna_P11_14","comuna_P11_15","comuna_P11_16","vinculo_P11","vinculo_P11_esp","anio_P11","cuidado_P11","cuidado_P11_esp","frecuencia_P11","horas_P11","count_SN11","nombre_P12","sex_P12","edad_P12","educ_P12","pais_P12","region_P12","comuna_P12_1","comuna_P12_2","comuna_P12_3","comuna_P12_4","comuna_P12_5","comuna_P12_6","comuna_P12_7","comuna_P12_8","comuna_P12_9","comuna_P12_10","comuna_P12_11","comuna_P12_12","comuna_P12_13","comuna_P12_14","comuna_P12_15","comuna_P12_16","vinculo_P12","vinculo_P12_esp","anio_P12","cuidado_P12","cuidado_P12_esp","frecuencia_P12","horas_P12","count_SN12","nombre_P13","sex_P13","edad_P13","educ_P13","pais_P13","region_P13","comuna_P13_1","comuna_P13_2","comuna_P13_3","comuna_P13_4","comuna_P13_5","comuna_P13_6","comuna_P13_7","comuna_P13_8","comuna_P13_9","comuna_P13_10","comuna_P13_11","comuna_P13_12","comuna_P13_13","comuna_P13_14","comuna_P13_15","comuna_P13_16","vinculo_P13","vinculo_P13_esp","anio_P13","cuidado_P13","cuidado_P13_esp","frecuencia_P13","horas_P13","count_SN13","nombre_P14","sex_P14","edad_P14","educ_P14","pais_P14","region_P14","comuna_P14_1","comuna_P14_2","comuna_P14_3","comuna_P14_4","comuna_P14_5","comuna_P14_6","comuna_P14_7","comuna_P14_8","comuna_P14_9","comuna_P14_10","comuna_P14_11","comuna_P14_12","comuna_P14_13","comuna_P14_14","comuna_P14_15","comuna_P14_16","vinculo_P14","vinculo_P14_esp","anio_P14","cuidado_P14","cuidado_P14_esp","frecuencia_P14","horas_P14","count_SN14","nombre_P15","sex_P15","edad_P15","educ_P15","pais_P15","region_P15","comuna_P15_1","comuna_P15_2","comuna_P15_3","comuna_P15_4","comuna_P15_5","comuna_P15_6","comuna_P15_7","comuna_P15_8","comuna_P15_9","comuna_P15_10","comuna_P15_11","comuna_P15_12","comuna_P15_13","comuna_P15_14","comuna_P15_15","comuna_P15_16","vinculo_P15","vinculo_P15_esp","anio_P15","cuidado_P15","cuidado_P15_esp","frecuencia_P15","horas_P15","count_SN15","nombre_P16","sex_P16","edad_P16","educ_P16","pais_P16","region_P16","comuna_P16_1","comuna_P16_2","comuna_P16_3","comuna_P16_4","comuna_P16_5","comuna_P16_6","comuna_P16_7","comuna_P16_8","comuna_P16_9","comuna_P16_10","comuna_P16_11","comuna_P16_12","comuna_P16_13","comuna_P16_14","comuna_P16_15","comuna_P16_16","vinculo_P16","vinculo_P16_esp","anio_P16","cuidado_P16","cuidado_P16_esp","frecuencia_P16","horas_P16","count_SN9_1","count_SN16"
"3pNDBOH6j83Sbw-M1Vdjv-0yllKicWmjCksGkCQn3pXpztdVBAQTIWYbF4Bwz2kt","41218482","157886","1","2026-03-05 14:31:58","","2026-03-05 14:32:07","","","","","","","","","","","","","","","","","","","","","","","","","","","","","","","","","","","","","","","","","","","","","","","","","","","","","","","","","","","","","","","","","","","","","","","","","","","","","","","","","","","","","","","","","","","","","","","","","","","","","","","","","","","","","","","","","","","","","","","","","","","","","","","","","","","","","","","","","","","","","","","","","","","","","","","","","","","","","","","","","","","","","","","","","","","","","","","","","","","","","","","","","","","","","","","","","","","","","","","","","","","","","","","","","","","","","","","","","","","","","","","","","","","","","","","","","","","","","","","","","","","","","","","","","","","","","","","","","","","","","","","","","","","","","","","","","","","","","","","","","","","","","","","","","","","","","","","","","","","","","","",""
"CGrZQ_VhdB3P-Sr7QS5gPEFgsR-N7GB1URMGuGtpX9MH4Gb3F5zUqmlHJ3DZhuut","41218536","157886","2","2026-03-05 14:51:20","","2026-03-05 14:51:28","","","","","","","","","","","","","","","","","","","","","","","","","","","","","","","","","","","","","","","","","","","","","","","","","","","","","","","","","","","","","","","","","","","","","","","","","","","","","","","","","","","","","","","","","","","","","","","","","","","","","","","","","","","","","","","","","","","","","","","","","","","","","","","","","","","","","","","","","","","","","","","","","","","","","","","","","","","","","","","","","","","","","","","","","","","","","","","","","","","","","","","","","","","","","","","","","","","","","","","","","","","","","","","","","","","","","","","","","","","","","","","","","","","","","","","","","","","","","","","","","","","","","","","","","","","","","","","","","","","","","","","","","","","","","","","","","","","","","","","","","","","","","","","","","","","","","","","","","","","","","","",""
"lSc91xbwAXlSHzX30tXc155afZEBc3ccrxfufGuTIcd7G4PrNI7OzmjOp8v8zE3z","41218551","157886","3","2026-03-05 14:56:03","","2026-03-05 14:56:11","","","","","","","","","","","","","","","","","","","","","","","","","","","","","","","","","","","","","","","","","","","","","","","","","","","","","","","","","","","","","","","","","","","","","","","","","","","","","","","","","","","","","","","","","","","","","","","","","","","","","","","","","","","","","","","","","","","","","","","","","","","","","","","","","","","","","","","","","","","","","","","","","","","","","","","","","","","","","","","","","","","","","","","","","","","","","","","","","","","","","","","","","","","","","","","","","","","","","","","","","","","","","","","","","","","","","","","","","","","","","","","","","","","","","","","","","","","","","","","","","","","","","","","","","","","","","","","","","","","","","","","","","","","","","","","","","","","","","","","","","","","","","","","","","","","","","","","","","","","","","","",""
"JNiZX5Jb_wGjX9vyATTp9YTkWbD13dNXEl-FWfM27QPn8sDiBs2fU8ImJaoIF2Gd","41221433","157886","4","2026-03-06 15:28:08","","2026-03-06 15:28:17","","","","","","","","","","","","","","","","","","","","","","","","","","","","","","","","","","","","","","","","","","","","","","","","","","","","","","","","","","","","","","","","","","","","","","","","","","","","","","","","","","","","","","","","","","","","","","","","","","","","","","","","","","","","","","","","","","","","","","","","","","","","","","","","","","","","","","","","","","","","","","","","","","","","","","","","","","","","","","","","","","","","","","","","","","","","","","","","","","","","","","","","","","","","","","","","","","","","","","","","","","","","","","","","","","","","","","","","","","","","","","","","","","","","","","","","","","","","","","","","","","","","","","","","","","","","","","","","","","","","","","","","","","","","","","","","","","","","","","","","","","","","","","","","","","","","","","","","","","","","","","",""
"_euV9yKWA9VjW10iDw4PTDe5bBIvHtemur0PrGO4uTrRWJn8kB56xbZX8wl9r3bz","41224420","157886","5","2026-03-08 00:29:27","","2026-03-08 00:29:37","","","","","","","","","","","","","","","","","","","","","","","","","","","","","","","","","","","","","","","","","","","","","","","","","","","","","","","","","","","","","","","","","","","","","","","","","","","","","","","","","","","","","","","","","","","","","","","","","","","","","","","","","","","","","","","","","","","","","","","","","","","","","","","","","","","","","","","","","","","","","","","","","","","","","","","","","","","","","","","","","","","","","","","","","","","","","","","","","","","","","","","","","","","","","","","","","","","","","","","","","","","","","","","","","","","","","","","","","","","","","","","","","","","","","","","","","","","","","","","","","","","","","","","","","","","","","","","","","","","","","","","","","","","","","","","","","","","","","","","","","","","","","","","","","","","","","","","","","","","","","","",""
"7MlOPkgtBtBVG6s3QWSMbrKKxDl3Qe9yLiX_R89sce_0ZedGpSGN1l7UupBeCHL5","41239703","157886","6","2026-03-11 14:32:54","","2026-03-11 14:33:03","","","","","","","","","","","","","","","","","","","","","","","","","","","","","","","","","","","","","","","","","","","","","","","","","","","","","","","","","","","","","","","","","","","","","","","","","","","","","","","","","","","","","","","","","","","","","","","","","","","","","","","","","","","","","","","","","","","","","","","","","","","","","","","","","","","","","","","","","","","","","","","","","","","","","","","","","","","","","","","","","","","","","","","","","","","","","","","","","","","","","","","","","","","","","","","","","","","","","","","","","","","","","","","","","","","","","","","","","","","","","","","","","","","","","","","","","","","","","","","","","","","","","","","","","","","","","","","","","","","","","","","","","","","","","","","","","","","","","","","","","","","","","","","","","","","","","","","","","","","","","","",""
"t08P0k-tD3fgZvqE52GYoIYPCiZZNgDtTp-AOA3NFtYj6W7XCPSxnySNd9PGpLcA","41248277","157886","7","2026-03-13 19:43:33","","2026-03-13 19:43:40","","","","","","","","","","","","","","","","","","","","","","","","","","","","","","","","","","","","","","","","","","","","","","","","","","","","","","","","","","","","","","","","","","","","","","","","","","","","","","","","","","","","","","","","","","","","","","","","","","","","","","","","","","","","","","","","","","","","","","","","","","","","","","","","","","","","","","","","","","","","","","","","","","","","","","","","","","","","","","","","","","","","","","","","","","","","","","","","","","","","","","","","","","","","","","","","","","","","","","","","","","","","","","","","","","","","","","","","","","","","","","","","","","","","","","","","","","","","","","","","","","","","","","","","","","","","","","","","","","","","","","","","","","","","","","","","","","","","","","","","","","","","","","","","","","","","","","","","","","","","","","",""
"jOgzMLrsndU6Ka1t14jNXVVTIug0SaYLM4w6O1t4MBacNwuweA1rRgPd-qhBS4wi","41248437","157886","8","2026-03-13 20:10:38","","2026-03-13 20:10:45","","","","","","","","","","","","","","","","","","","","","","","","","","","","","","","","","","","","","","","","","","","","","","","","","","","","","","","","","","","","","","","","","","","","","","","","","","","","","","","","","","","","","","","","","","","","","","","","","","","","","","","","","","","","","","","","","","","","","","","","","","","","","","","","","","","","","","","","","","","","","","","","","","","","","","","","","","","","","","","","","","","","","","","","","","","","","","","","","","","","","","","","","","","","","","","","","","","","","","","","","","","","","","","","","","","","","","","","","","","","","","","","","","","","","","","","","","","","","","","","","","","","","","","","","","","","","","","","","","","","","","","","","","","","","","","","","","","","","","","","","","","","","","","","","","","","","","","","","","","","","","",""
"SH7Y_ylpIyeY_pZjJVwwD4ECwcQ-TJm-uJX5fU6NAWKmnc-mw7RDwDr4Wj42M9KJ","41363819","157886","9","2026-04-10 06:45:57","","2026-04-10 06:46:06","","","","","","","","","","","","","","","","","","","","","","","","","","","","","","","","","","","","","","","","","","","","","","","","","","","","","","","","","","","","","","","","","","","","","","","","","","","","","","","","","","","","","","","","","","","","","","","","","","","","","","","","","","","","","","","","","","","","","","","","","","","","","","","","","","","","","","","","","","","","","","","","","","","","","","","","","","","","","","","","","","","","","","","","","","","","","","","","","","","","","","","","","","","","","","","","","","","","","","","","","","","","","","","","","","","","","","","","","","","","","","","","","","","","","","","","","","","","","","","","","","","","","","","","","","","","","","","","","","","","","","","","","","","","","","","","","","","","","","","","","","","","","","","","","","","","","","","","","","","","","","",""
"determinedFlyXXXmVzqmPMCCxr5fRk-iMayFV9EzYzZFfXbvwaiM1qCsx3Ntv-v","41363863","157886","10","2026-04-10 06:58:57","","2026-04-10 06:59:16","","","","","","","","","","","","","","","","","","","","","","","","","","","","","","","","","","","","","","","","","","","","","","","","","","","","","","","","","","","","","","","","","","","","","","","","","","","","","","","","","","","","","","","","","","","","","","","","","","","","","","","","","","","","","","","","","","","","","","","","","","","","","","","","","","","","","","","","","","","","","","","","","","","","","","","","","","","","","","","","","","","","","","","","","","","","","","","","","","","","","","","","","","","","","","","","","","","","","","","","","","","","","","","","","","","","","","","","","","","","","","","","","","","","","","","","","","","","","","","","","","","","","","","","","","","","","","","","","","","","","","","","","","","","","","","","","","","","","","","","","","","","","","","","","","","","","","","","","","","","","","",""
"inquisitiveStingrayXXXtc80i8WcMrnZ3ySmV06TnwX8N7gRdL4NeKBRE-bWG5","41363931","157886","11","2026-04-10 07:20:45","","2026-04-10 07:21:05","","","","","","","","","","","","","","","","","","","","","","","","","","","","","","","","","","","","","","","","","","","","","","","","","","","","","","","","","","","","","","","","","","","","","","","","","","","","","","","","","","","","","","","","","","","","","","","","","","","","","","","","","","","","","","","","","","","","","","","","","","","","","","","","","","","","","","","","","","","","","","","","","","","","","","","","","","","","","","","","","","","","","","","","","","","","","","","","","","","","","","","","","","","","","","","","","","","","","","","","","","","","","","","","","","","","","","","","","","","","","","","","","","","","","","","","","","","","","","","","","","","","","","","","","","","","","","","","","","","","","","","","","","","","","","","","","","","","","","","","","","","","","","","","","","","","","","","","","","","","","","",""
"GGsf9TTCY2_aN4GAvGg9Ns3u2wuMsZCMMODXh_5bs1X0Ugk1P-wjtYq4Au3MpjZb","41364118","157886","12","2026-04-10 08:08:49","2026-04-10 08:13:22","2026-04-10 08:13:23","","2","asd18","1","2","3","9","13","","","","","","","","","","","","","7","","","","","2","asd19","2","3","9","6","7","","","","","","","2","","","","","","","","","","","1","","","","","","","","","","","","","","","","","","","","","","","","","123","123","","123","123","","","","","","","","","","","","","","","","","","","","","","","","","","","","","","","","","","","","","","","","","","","","","","","","","","","","","","","","","","","","","","","","","","","","","","","","","","","","","","","","","","","","","","","","","","","","","","","","","","","","","","","","","","","","","","","","","","","","","","","","","","","","","","","","","","","","","","","","","","","","","","","","","","","","","","","","","","","","","","","","","","","","","","","","","","","","","","","","","","","","","","","","","","","","","","","","","","","","","","","","","","","","","","","","","","","","","","","","","","","","","","","",""
"quaintPufferFishXXX7VZRrLYBsaCimuDrKO66SmbEUg45lDOlXdOgGv6HLrdSg","41364230","157886","13","2026-04-10 08:41:11","2026-04-10 08:42:02","2026-04-10 08:42:15","","","","","","","","","","","","","","","","","","","","","","","","","","","","","","","","","","","","","","","","","","","","","","","","","","","","","","","","","","","","","","","","","","","","","","","","","","","","","","","","","","","","","","","","","","","","","","","","","","","","","","","","","","","","","","","","","","","","","","","","","","","","","","","","","","","","","","","","","","","","","","","","","","","","","","","","","","","","","","","","","","","","","","","","","","","","","","","","","","","","","","","","","","","","","","","","","","","","","","","","","","","","","","","","","","","","","","","","","","","","","","","","","","","","","","","","","","","","","","","","","","","","","","","","","","","","","","","","","","","","","","","","","","","","","","","","","","","","","","","","","","","","","","","","","","","","","","","","","","","","","","",""
"livelyWoodlouseXXXZfIEE09j9SuZ_7vaPF0XjEW1rblQxJBDPO3pwpv3SL07NQ","41364297","157886","14","2026-04-10 09:15:21","","2026-04-10 09:15:40","","","","","","","","","","","","","","","","","","","","","","","","","","","","","","","","","","","","","","","","","","","","","","","","","","","","","","","","","","","","","","","","","","","","","","","","","","","","","","","","","","","","","","","","","","","","","","","","","","","","","","","","","","","","","","","","","","","","","","","","","","","","","","","","","","","","","","","","","","","","","","","","","","","","","","","","","","","","","","","","","","","","","","","","","","","","","","","","","","","","","","","","","","","","","","","","","","","","","","","","","","","","","","","","","","","","","","","","","","","","","","","","","","","","","","","","","","","","","","","","","","","","","","","","","","","","","","","","","","","","","","","","","","","","","","","","","","","","","","","","","","","","","","","","","","","","","","","","","","","","","","",""
"homelyChameleonXXXMir0Mx-Q4cUErA3OMGC5dRNu0ODnvTOO3zYoRSWY4InCEY","41364305","157886","15","2026-04-10 09:18:22","2026-04-10 09:18:53","2026-04-10 09:19:05","","","","","","","","","","","","","","","","","","","","","","","","","","","","","","","","","","","","","","","","","","","","","","","","","","","","","","","","","","","","","","","","","","","","","","","","","","","","","","","","","","","","","","","","","","","","","","","","","","","","","","","","","","","","","","","","","","","","","","","","","","","","","","","","","","","","","","","","","","","","","","","","","","","","","","","","","","","","","","","","","","","","","","","","","","","","","","","","","","","","","","","","","","","","","","","","","","","","","","","","","","","","","","","","","","","","","","","","","","","","","","","","","","","","","","","","","","","","","","","","","","","","","","","","","","","","","","","","","","","","","","","","","","","","","","","","","","","","","","","","","","","","","","","","","","","","","","","","","","","","","","",""
"wide-eyedChickenXXX8yLa9xqy26zFVwGE3LNKSTYJd4eBqMy4Plmm1CS1SuDpZ","41364323","157886","16","2026-04-10 09:28:48","2026-04-10 09:29:20","2026-04-10 09:29:33","","","","","","","","","","","","","","","","","","","","","","","","","","","","","","","","","","","","","","","","","","","","","","","","","","","","","","","","","","","","","","","","","","","","","","","","","","","","","","","","","","","","","","","","","","","","","","","","","","","","","","","","","","","","","","","","","","","","","","","","","","","","","","","","","","","","","","","","","","","","","","","","","","","","","","","","","","","","","","","","","","","","","","","","","","","","","","","","","","","","","","","","","","","","","","","","","","","","","","","","","","","","","","","","","","","","","","","","","","","","","","","","","","","","","","","","","","","","","","","","","","","","","","","","","","","","","","","","","","","","","","","","","","","","","","","","","","","","","","","","","","","","","","","","","","","","","","","","","","","","","","",""
"realPiedTamarinXXXcQ6tfHNHueBXRQ-EQzKJDVrXnySJ_8bkAWsSfldqZ4uXyl","41364333","157886","17","2026-04-10 09:34:50","2026-04-10 09:34:56","2026-04-10 09:35:14","","","","","","","","","","","","","","","","","","","","","","","","","","","","","","","","","","","","","","","","","","","","","","","","","","","","","","","","","","","","","","","","","","","","","","","","","","","","","","","","","","","","","","","","","","","","","","","","","","","","","","","","","","","","","","","","","","","","","","","","","","","","","","","","","","","","","","","","","","","","","","","","","","","","","","","","","","","","","","","","","","","","","","","","","","","","","","","","","","","","","","","","","","","","","","","","","","","","","","","","","","","","","","","","","","","","","","","","","","","","","","","","","","","","","","","","","","","","","","","","","","","","","","","","","","","","","","","","","","","","","","","","","","","","","","","","","","","","","","","","","","","","","","","","","","","","","","","","","","","","","","",""
"thankfulMooseXXXYm0jfp-bq2yeMPLtQQD-bB-cHZcTZ6ciP6jONn5o7pldQ348","41364345","157886","18","2026-04-10 09:38:46","2026-04-10 09:39:01","2026-04-10 09:39:17","","","","","","","","","","","","","","","","","","","","","","","","","","","","","","","","","","","","","","","","","","","","","","","","","","","","","","","","","","","","","","","","","","","","","","","","","","","","","","","","","","","","","","","","","","","","","","","","","","","","","","","","","","","","","","","","","","","","","","","","","","","","","","","","","","","","","","","","","","","","","","","","","","","","","","","","","","","","","","","","","","","","","","","","","","","","","","","","","","","","","","","","","","","","","","","","","","","","","","","","","","","","","","","","","","","","","","","","","","","","","","","","","","","","","","","","","","","","","","","","","","","","","","","","","","","","","","","","","","","","","","","","","","","","","","","","","","","","","","","","","","","","","","","","","","","","","","","","","","","","","","",""
"funnyStarfishXXXsi0i1D9_29uqV_KPaq4GNVpbrbdiYh0kEQkHpbeYj7ejXW2Z","41364362","157886","19","2026-04-10 09:45:52","2026-04-10 09:46:18","2026-04-10 09:46:32","","","","","","","","","","","","","","","","","","","","","","","","","","","","","","","","","","","","","","","","","","","","","","","","","","","","","","","","","","","","","","","","","","","","","","","","","","","","","","","","","","","","","","","","","","","","","","","","","","","","","","","","","","","","","","","","","","","","","","","","","","","","","","","","","","","","","","","","","","","","","","","","","","","","","","","","","","","","","","","","","","","","","","","","","","","","","","","","","","","","","","","","","","","","","","","","","","","","","","","","","","","","","","","","","","","","","","","","","","","","","","","","","","","","","","","","","","","","","","","","","","","","","","","","","","","","","","","","","","","","","","","","","","","","","","","","","","","","","","","","","","","","","","","","","","","","","","","","","","","","","","",""
"tenderWolfXXXu5mRrlNbrspCi-1GGWQXPZieBiWvCtezwPxhBUg2qN6Ov8jRxYG","41364390","157886","20","2026-04-10 09:56:08","2026-04-10 09:56:29","2026-04-10 09:56:45","","","","","","","","","","","","","","","","","","","","","","","","","","","","","","","","","","","","","","","","","","","","","","","","","","","","","","","","","","","","","","","","","","","","","","","","","","","","","","","","","","","","","","","","","","","","","","","","","","","","","","","","","","","","","","","","","","","","","","","","","","","","","","","","","","","","","","","","","","","","","","","","","","","","","","","","","","","","","","","","","","","","","","","","","","","","","","","","","","","","","","","","","","","","","","","","","","","","","","","","","","","","","","","","","","","","","","","","","","","","","","","","","","","","","","","","","","","","","","","","","","","","","","","","","","","","","","","","","","","","","","","","","","","","","","","","","","","","","","","","","","","","","","","","","","","","","","","","","","","","","","",""
"victoriousReindeerXXXwxdWDtrNok_rF5wJ9EHtIhjbSwkFh2viHF-dW92-18F","41364434","157886","21","2026-04-10 10:15:28","2026-04-10 10:15:36","2026-04-10 10:15:52","","","","","","","","","","","","","","","","","","","","","","","","","","","","","","","","","","","","","","","","","","","","","","","","","","","","","","","","","","","","","","","","","","","","","","","","","","","","","","","","","","","","","","","","","","","","","","","","","","","","","","","","","","","","","","","","","","","","","","","","","","","","","","","","","","","","","","","","","","","","","","","","","","","","","","","","","","","","","","","","","","","","","","","","","","","","","","","","","","","","","","","","","","","","","","","","","","","","","","","","","","","","","","","","","","","","","","","","","","","","","","","","","","","","","","","","","","","","","","","","","","","","","","","","","","","","","","","","","","","","","","","","","","","","","","","","","","","","","","","","","","","","","","","","","","","","","","","","","","","","","","",""
"luckyWrasseXXX9mwMaLm1ub0ZJKngN9kb34jkyEiKiJfvCrr9Gz140kLvKe1zfd","41364443","157886","22","2026-04-10 10:19:12","2026-04-10 10:19:27","2026-04-10 10:19:42","","","","","","","","","","","","","","","","","","","","","","","","","","","","","","","","","","","","","","","","","","","","","","","","","","","","","","","","","","","","","","","","","","","","","","","","","","","","","","","","","","","","","","","","","","","","","","","","","","","","","","","","","","","","","","","","","","","","","","","","","","","","","","","","","","","","","","","","","","","","","","","","","","","","","","","","","","","","","","","","","","","","","","","","","","","","","","","","","","","","","","","","","","","","","","","","","","","","","","","","","","","","","","","","","","","","","","","","","","","","","","","","","","","","","","","","","","","","","","","","","","","","","","","","","","","","","","","","","","","","","","","","","","","","","","","","","","","","","","","","","","","","","","","","","","","","","","","","","","","","","","",""
"hilariousWoollyMammothXXX56mTEpx0s3AhkbjqKiliTcN6iTt_G5o3N_aI2eI","41364495","157886","23","2026-04-10 10:43:28","2026-04-10 10:43:59","2026-04-10 10:44:11","","","","","","","","","","","","","","","","","","","","","","","","","","","","","","","","","","","","","","","","","","","","","","","","","","","","","","","","","","","","","","","","","","","","","","","","","","","","","","","","","","","","","","","","","","","","","","","","","","","","","","","","","","","","","","","","","","","","","","","","","","","","","","","","","","","","","","","","","","","","","","","","","","","","","","","","","","","","","","","","","","","","","","","","","","","","","","","","","","","","","","","","","","","","","","","","","","","","","","","","","","","","","","","","","","","","","","","","","","","","","","","","","","","","","","","","","","","","","","","","","","","","","","","","","","","","","","","","","","","","","","","","","","","","","","","","","","","","","","","","","","","","","","","","","","","","","","","","","","","","","","",""
"famousWolverineXXX48y111fHpGP5q6kwACjtBCMCoA3Km0Eu0WKbRKaZKFzVYP","41364514","157886","24","2026-04-10 10:48:04","2026-04-10 10:48:10","2026-04-10 10:48:27","","","","","","","","","","","","","","","","","","","","","","","","","","","","","","","","","","","","","","","","","","","","","","","","","","","","","","","","","","","","","","","","","","","","","","","","","","","","","","","","","","","","","","","","","","","","","","","","","","","","","","","","","","","","","","","","","","","","","","","","","","","","","","","","","","","","","","","","","","","","","","","","","","","","","","","","","","","","","","","","","","","","","","","","","","","","","","","","","","","","","","","","","","","","","","","","","","","","","","","","","","","","","","","","","","","","","","","","","","","","","","","","","","","","","","","","","","","","","","","","","","","","","","","","","","","","","","","","","","","","","","","","","","","","","","","","","","","","","","","","","","","","","","","","","","","","","","","","","","","","","","",""
"realClumberXXX9QifzZ2anTB5ryHalDkcSCxpWMNIiCviXMGPh079ibKdnQnPMN","41364558","157886","25","2026-04-10 10:51:51","","2026-04-10 10:52:08","","","","","","","","","","","","","","","","","","","","","","","","","","","","","","","","","","","","","","","","","","","","","","","","","","","","","","","","","","","","","","","","","","","","","","","","","","","","","","","","","","","","","","","","","","","","","","","","","","","","","","","","","","","","","","","","","","","","","","","","","","","","","","","","","","","","","","","","","","","","","","","","","","","","","","","","","","","","","","","","","","","","","","","","","","","","","","","","","","","","","","","","","","","","","","","","","","","","","","","","","","","","","","","","","","","","","","","","","","","","","","","","","","","","","","","","","","","","","","","","","","","","","","","","","","","","","","","","","","","","","","","","","","","","","","","","","","","","","","","","","","","","","","","","","","","","","","","","","","","","","","",""
"cleanDesertTortoiseXXXigrysdueSPSnAkPvH8JM2_CRcfyCQ8bRYyIsDM_xo0","41364607","157886","26","2026-04-10 11:10:05","2026-04-10 11:10:20","2026-04-10 11:10:32","","","","","","","","","","","","","","","","","","","","","","","","","","","","","","","","","","","","","","","","","","","","","","","","","","","","","","","","","","","","","","","","","","","","","","","","","","","","","","","","","","","","","","","","","","","","","","","","","","","","","","","","","","","","","","","","","","","","","","","","","","","","","","","","","","","","","","","","","","","","","","","","","","","","","","","","","","","","","","","","","","","","","","","","","","","","","","","","","","","","","","","","","","","","","","","","","","","","","","","","","","","","","","","","","","","","","","","","","","","","","","","","","","","","","","","","","","","","","","","","","","","","","","","","","","","","","","","","","","","","","","","","","","","","","","","","","","","","","","","","","","","","","","","","","","","","","","","","","","","","","","",""
"toughCommonBuzzardXXXeCu1bnKcepmPCPWjoSD8HUBj17mv0vpmO4InKuRxHEs","41364612","157886","27","2026-04-10 11:14:55","2026-04-10 11:15:12","2026-04-10 11:15:24","","","","","","","","","","","","","","","","","","","","","","","","","","","","","","","","","","","","","","","","","","","","","","","","","","","","","","","","","","","","","","","","","","","","","","","","","","","","","","","","","","","","","","","","","","","","","","","","","","","","","","","","","","","","","","","","","","","","","","","","","","","","","","","","","","","","","","","","","","","","","","","","","","","","","","","","","","","","","","","","","","","","","","","","","","","","","","","","","","","","","","","","","","","","","","","","","","","","","","","","","","","","","","","","","","","","","","","","","","","","","","","","","","","","","","","","","","","","","","","","","","","","","","","","","","","","","","","","","","","","","","","","","","","","","","","","","","","","","","","","","","","","","","","","","","","","","","","","","","","","","","",""
"beautifulAntXXXz8xI7zJ-9t8yz7CcY4rJ_58dEUdxFBN4556x98lyH0SvaJhAQ","41364627","157886","28","2026-04-10 11:22:43","2026-04-10 11:23:01","2026-04-10 11:23:14","","","","","","","","","","","","","","","","","","","","","","","","","","","","","","","","","","","","","","","","","","","","","","","","","","","","","","","","","","","","","","","","","","","","","","","","","","","","","","","","","","","","","","","","","","","","","","","","","","","","","","","","","","","","","","","","","","","","","","","","","","","","","","","","","","","","","","","","","","","","","","","","","","","","","","","","","","","","","","","","","","","","","","","","","","","","","","","","","","","","","","","","","","","","","","","","","","","","","","","","","","","","","","","","","","","","","","","","","","","","","","","","","","","","","","","","","","","","","","","","","","","","","","","","","","","","","","","","","","","","","","","","","","","","","","","","","","","","","","","","","","","","","","","","","","","","","","","","","","","","","","",""
"glamorousSnakeXXXJVu_JKa6LPUBnyRNbILZ4FAM-cFTR6_vj2Q_vWvNjAN11E9","41364680","157886","29","2026-04-10 11:38:52","2026-04-10 11:39:10","2026-04-10 11:39:23","","","","","","","","","","","","","","","","","","","","","","","","","","","","","","","","","","","","","","","","","","","","","","","","","","","","","","","","","","","","","","","","","","","","","","","","","","","","","","","","","","","","","","","","","","","","","","","","","","","","","","","","","","","","","","","","","","","","","","","","","","","","","","","","","","","","","","","","","","","","","","","","","","","","","","","","","","","","","","","","","","","","","","","","","","","","","","","","","","","","","","","","","","","","","","","","","","","","","","","","","","","","","","","","","","","","","","","","","","","","","","","","","","","","","","","","","","","","","","","","","","","","","","","","","","","","","","","","","","","","","","","","","","","","","","","","","","","","","","","","","","","","","","","","","","","","","","","","","","","","","","",""
"obedientMoorhenXXXZrQ5wcG6hyHh_5OPDeXZWV1kwfNNzeec8kSWztfI_ggU6U","41364719","157886","30","2026-04-10 11:53:10","2026-04-10 11:53:37","","","","","","","","","","","","","","","","","","","","","","","","","","","","","","","","","","","","","","","","","","","","","","","","","","","","","","","","","","","","","","","","","","","","","","","","","","","","","","","","","","","","","","","","","","","","","","","","","","","","","","","","","","","","","","","","","","","","","","","","","","","","","","","","","","","","","","","","","","","","","","","","","","","","","","","","","","","","","","","","","","","","","","","","","","","","","","","","","","","","","","","","","","","","","","","","","","","","","","","","","","","","","","","","","","","","","","","","","","","","","","","","","","","","","","","","","","","","","","","","","","","","","","","","","","","","","","","","","","","","","","","","","","","","","","","","","","","","","","","","","","","","","","","","","","","","","","","","","","","","","","","",""
"wittyMistXXXmMpQZZrca9fBTA0z-txTlqeHCrywhl4VT1gbvkfF9YNdpbE59lgx","41364730","157886","31","2026-04-10 11:56:55","2026-04-10 11:59:29","","","","","","","","","","","","","","","","","","","","","","","","","","","","","","","","","","","","","","","","","","","","","","","","","","","","","","","","","","","","","","","","","","","","","","","","","","","","","","","","","","","","","","","","","","","","","","","","","","","","","","","","","","","","","","","","","","","","","","","","","","","","","","","","","","","","","","","","","","","","","","","","","","","","","","","","","","","","","","","","","","","","","","","","","","","","","","","","","","","","","","","","","","","","","","","","","","","","","","","","","","","","","","","","","","","","","","","","","","","","","","","","","","","","","","","","","","","","","","","","","","","","","","","","","","","","","","","","","","","","","","","","","","","","","","","","","","","","","","","","","","","","","","","","","","","","","","","","","","","","","","","",""
"lameBorneoElephantXXXcmUv7du2mx2mhyCegi0J-vmXWJo-IYJ-SSFqV7_CDkN","41364775","157886","32","2026-04-10 12:13:40","2026-04-10 12:14:50","","","","","","","","","","","","","","","","","","","","","","","","","","","","","","","","","","","","","","","","","","","","","","","","","","","","","","","","","","","","","","","","","","","","","","","","","","","","","","","","","","","","","","","","","","","","","","","","","","","","","","","","","","","","","","","","","","","","","","","","","","","","","","","","","","","","","","","","","","","","","","","","","","","","","","","","","","","","","","","","","","","","","","","","","","","","","","","","","","","","","","","","","","","","","","","","","","","","","","","","","","","","","","","","","","","","","","","","","","","","","","","","","","","","","","","","","","","","","","","","","","","","","","","","","","","","","","","","","","","","","","","","","","","","","","","","","","","","","","","","","","","","","","","","","","","","","","","","","","","","","","","",""
"expensiveFlyXXXyDtr3womVWwLqMvDJtJnM4SaKIG67tpoqsIs48ajHI19SWzg3","41365879","157886","33","2026-04-10 19:46:53","2026-04-10 19:48:14","2026-04-10 19:48:15","","","","","","","","","","","","","","","","","","","","","","","","","","","","","","","","","","","","","","","","","","","","","","","","","","","","","","","","","","","","","","","","","","","","","","","","","","","","","","","","","","","","","","","","","","","","","","","","","","","","","","","","","","","","","","","","","","","","","","","","","","","","","","","","","","","","","","","","","","","","","","","","","","","","","","","","","","","","","","","","","","","","","","","","","","","","","","","","","","","","","","","","","","","","","","","","","","","","","","","","","","","","","","","","","","","","","","","","","","","","","","","","","","","","","","","","","","","","","","","","","","","","","","","","","","","","","","","","","","","","","","","","","","","","","","","","","","","","","","","","","","","","","","","","","","","","","","","","","","","","","","",""
"wide-eyedMongooseXXX2t5xTPB7p8EDWrl7hoR4Nl_vzAzj-IjdA-8-UmrYejnz","41366297","157886","34","2026-04-10 21:41:36","2026-04-10 21:42:00","","","","","","","","","","","","","","","","","","","","","","","","","","","","","","","","","","","","","","","","","","","","","","","","","","","","","","","","","","","","","","","","","","","","","","","","","","","","","","","","","","","","","","","","","","","","","","","","","","","","","","","","","","","","","","","","","","","","","","","","","","","","","","","","","","","","","","","","","","","","","","","","","","","","","","","","","","","","","","","","","","","","","","","","","","","","","","","","","","","","","","","","","","","","","","","","","","","","","","","","","","","","","","","","","","","","","","","","","","","","","","","","","","","","","","","","","","","","","","","","","","","","","","","","","","","","","","","","","","","","","","","","","","","","","","","","","","","","","","","","","","","","","","","","","","","","","","","","","","","","","","","",""
"niceOpossumXXXtzajwnsaAPlXuy6KN6m1YIsm4E4RKjxTy-8ht5chT15foTxR5S","41366362","157886","35","2026-04-10 21:52:14","2026-04-10 21:53:03","","","","","","","","","","","","","","","","","","","","","","","","","","","","","","","","","","","","","","","","","","","","","","","","","","","","","","","","","","","","","","","","","","","","","","","","","","","","","","","","","","","","","","","","","","","","","","","","","","","","","","","","","","","","","","","","","","","","","","","","","","","","","","","","","","","","","","","","","","","","","","","","","","","","","","","","","","","","","","","","","","","","","","","","","","","","","","","","","","","","","","","","","","","","","","","","","","","","","","","","","","","","","","","","","","","","","","","","","","","","","","","","","","","","","","","","","","","","","","","","","","","","","","","","","","","","","","","","","","","","","","","","","","","","","","","","","","","","","","","","","","","","","","","","","","","","","","","","","","","","","","","",""
"toughTetraXXXQE9WUYG1LnEQo7aYjKHIdZwZApHWkZdyuEQP8mfGsWftroMpS8v","41366380","157886","36","2026-04-10 21:55:54","2026-04-10 21:56:48","","","","","","","","","","","","","","","","","","","","","","","","","","","","","","","","","","","","","","","","","","","","","","","","","","","","","","","","","","","","","","","","","","","","","","","","","","","","","","","","","","","","","","","","","","","","","","","","","","","","","","","","","","","","","","","","","","","","","","","","","","","","","","","","","","","","","","","","","","","","","","","","","","","","","","","","","","","","","","","","","","","","","","","","","","","","","","","","","","","","","","","","","","","","","","","","","","","","","","","","","","","","","","","","","","","","","","","","","","","","","","","","","","","","","","","","","","","","","","","","","","","","","","","","","","","","","","","","","","","","","","","","","","","","","","","","","","","","","","","","","","","","","","","","","","","","","","","","","","","","","","","",""
"tenderAsianElephantXXXYD_dp6Le3XcTkMplQ5xGR7AulqsXfd7RGRFtXttoqb","41366396","157886","37","2026-04-10 22:04:07","2026-04-10 22:06:21","2026-04-10 22:06:22","","","","","","","","","","","","","","","","","","","","","","","","","","","","","","","","","","","","","","","","","","","","","","","","","","","","","","","","","","","","","","","","","","","","","","","","","","","","","","","","","","","","","","","","","","","","","","","","","","","","","","","","","","","","","","","","","","","","","","","","","","","","","","","","","","","","","","","","","","","","","","","","","","","","","","","","","","","","","","","","","","","","","","","","","","","","","","","","","","","","","","","","","","","","","","","","","","","","","","","","","","","","","","","","","","","","","","","","","","","","","","","","","","","","","","","","","","","","","","","","","","","","","","","","","","","","","","","","","","","","","","","","","","","","","","","","","","","","","","","","","","","","","","","","","","","","","","","","","","","","","","",""
"easyHyenaXXXfNWtZtuhe7ewJ1mFPGthWh_n5ITH1LFN6RXk8ZZyI_xkhIfaJEKV","41366421","157886","38","2026-04-10 22:09:03","2026-04-10 22:10:12","","","","","","","","","","","","","","","","","","","","","","","","","","","","","","","","","","","","","","","","","","","","","","","","","","","","","","","","","","","","","","","","","","","","","","","","","","","","","","","","","","","","","","","","","","","","","","","","","","","","","","","","","","","","","","","","","","","","","","","","","","","","","","","","","","","","","","","","","","","","","","","","","","","","","","","","","","","","","","","","","","","","","","","","","","","","","","","","","","","","","","","","","","","","","","","","","","","","","","","","","","","","","","","","","","","","","","","","","","","","","","","","","","","","","","","","","","","","","","","","","","","","","","","","","","","","","","","","","","","","","","","","","","","","","","","","","","","","","","","","","","","","","","","","","","","","","","","","","","","","","","","",""
"modernGorillaXXXEEjObDasbi3i0hGXBaiURD2UGTSnAa1_Qy7Ly91Rw596nfCu","41366476","157886","39","2026-04-10 22:26:49","2026-04-10 22:43:38","","","2","asd18","1","1","1","1","1","1","","","","","","","","","","","","","","","","asd","2","asd19","1","1","1","1","1","3","","","","","","","","","","","","","","","","asd","1","","","","","","","","","","","","","","","","","","","","","","","","","thank the formr monkey","thank the formr monkey","","thank the formr monkey","thank the formr monkey","","-888","-888","-888","-888","","","","","","","","","","","","","","","","","","","","","","","","","","","","","","","","","","","","","","","","","","","","","","","","","","","","","","","","","","","","","","","","","","","","","","","","","","","","","","","","","","","","","","","","","","","","","","","","","","","","","","","","","","","","","","","","","","","","","","","","","","","","","","","","","","","","","","","","","","","","","","","","","","","","","","","","","","","","","","","","","","","","","","","","","","","","","","","","","","","","","","","","","","","","","","","","","","","","","","","","","","","","","","","","","","","","","","","","","","",""
"gleamingHumboldtXXXdTNLdKCNhWEBuxIEagcW0N_CHnlB_9FxFmo4EMUK0OzN2","41366536","157886","40","2026-04-10 22:47:18","2026-04-10 22:51:18","2026-04-10 22:51:18","","2","asd18","1","1","1","1","1","-888","","","","","","","","","","","","","","","","thank the formr monkey","2","asd19","1","1","1","1","1","-888","","","","","","","","","","","","","","","","thank the formr monkey","1","","","","","","","","","","","","","","","","","","","","","","","","","thank the formr monkey","thank the formr monkey","","thank the formr monkey","thank the formr monkey","","-888","-888","-888","-888","","","","","","","","","","","","","","","","","","","","","","","","","","","","","","","","","","","","","","","","","","","","","","","","","","","","","","","","","","","","","","","","","","","","","","","","","","","","","","","","","","","","","","","","","","","","","","","","","","","","","","","","","","","","","","","","","","","","","","","","","","","","","","","","","","","","","","","","","","","","","","","","","","","","","","","","","","","","","","","","","","","","","","","","","","","","","","","","","","","","","","","","","","","","","","","","","","","","","","","","","","","","","","","","","","","","","","","","","","",""
"BUcq-7sJgOy7uRhFyarfg31-yVnKx89AJBKwsvwLD1Xx2R3UEPeJG5HIIL-Yp46P","41375894","157886","41","2026-04-13 17:48:59","2026-04-13 17:56:13","2026-04-13 17:56:14","","","","","","","","","","","","","","","","","","","","","","","","","","","","","","","","","","","","","","","","","","","","","","","","","","","","","","","","","","","","","","","","","","","","","","","","","","","","","","","","","","","","","","","","","","","","","","","","","","","","","","","","","","","","","","","","","","","","","","","","","","","","","","","","","","","","","","","","","","","","","","","","","","","","","","","","","","","","","","","","","","","","","","","","","","","","","","","","","","","","","","","","","","","","","","","","","","","","","","","","","","","","","","","","","","","","","","","","","","","","","","","","","","","","","","","","","","","","","","","","","","","","","","","","","","","","","","","","","","","","","","","","","","","","","","","","","","","","","","","","","","","","","","","","","","","","","","","","","","","","","","",""
"uTPvO93f7l7gUQ-a1EAVu0_KUt9c18T-TTCruNx-2NwoGAxkTklSXCujgqZapv1I","41376557","157886","42","2026-04-13 22:29:28","2026-04-13 22:35:14","","","","","","","","","","","","","","","","","","","","","","","","","","","","","","","","","","","","","","","","","","","","","","","","","","","","","","","","","","","","","","","","","","","","","","","","","","","","","","","","","","","","","","","","","","","","","","","","","","","","","","","","","","","","","","","","","","","","","","","","","","","","","","","","","","","","","","","","","","","","","","","","","","","","","","","","","","","","","","","","","","","","","","","","","","","","","","","","","","","","","","","","","","","","","","","","","","","","","","","","","","","","","","","","","","","","","","","","","","","","","","","","","","","","","","","","","","","","","","","","","","","","","","","","","","","","","","","","","","","","","","","","","","","","","","","","","","","","","","","","","","","","","","","","","","","","","","","","","","","","","","","",""
"wonderfulGlowWormXXX0oTUYFqoQ8YKTpPA0Ja1yl4wJVchmh38mUWlf-AoP7ux","41381518","157886","43","2026-04-15 06:44:39","","","","","","","","","","","","","","","","","","","","","","","","","","","","","","","","","","","","","","","","","","","","","","","","","","","","","","","","","","","","","","","","","","","","","","","","","","","","","","","","","","","","","","","","","","","","","","","","","","","","","","","","","","","","","","","","","","","","","","","","","","","","","","","","","","","","","","","","","","","","","","","","","","","","","","","","","","","","","","","","","","","","","","","","","","","","","","","","","","","","","","","","","","","","","","","","","","","","","","","","","","","","","","","","","","","","","","","","","","","","","","","","","","","","","","","","","","","","","","","","","","","","","","","","","","","","","","","","","","","","","","","","","","","","","","","","","","","","","","","","","","","","","","","","","","","","","","","","","","","","","","","","",""
"lameBombayXXXC2TF7eHaIsEjcv1kJKbQSKTGbXr2g1rzM6w9Xv9iCQlnbwczUF4","41381529","157886","44","2026-04-15 06:50:37","2026-04-15 06:56:55","2026-04-15 06:56:57","","2","asd18","1","1","1","1","1","-888","","","","","","","","","","","","","","","","thank the formr monkey","2","asd19","1","1","1","1","1","-888","","","","","","","","","","","","","","","","thank the formr monkey","1","","","","","","","","","","","","","","","","","","","","","","","","","thank the formr monkey","thank the formr monkey","","thank the formr monkey","thank the formr monkey","","-888","-888","-888","-888","","","asd17","1","thank the formr monkey","1","1","1","-888","","","","","","","","","","","","","","","","1","","thank the formr monkey","1, 2, 3, 4, 5, 6, 7, -888","thank the formr monkey","-888","-888","","1, 2, 3, 4, 5, 6, 7, -888","","1, 2, 3, 4, 5, 6, 7, -888","","","2","asd11","1","thank the formr monkey","1","1","1","-888","","","","","","","","","","","","","","","","1","","thank the formr monkey","1, 2, 3, 4, 5, 6, 7, -888","thank the formr monkey","-888","-888","2","asd12","1","thank the formr monkey","1","1","1","-888","","","","","","","","","","","","","","","","1","","thank the formr monkey","1, 2, 3, 4, 5, 6, 7, -888","thank the formr monkey","-888","-888","2","asd13","1","thank the formr monkey","1","1","1","-888","","","","","","","","","","","","","","","","1","","thank the formr monkey","1, 2, 3, 4, 5, 6, 7, -888","thank the formr monkey","-888","-888","2","asd14","1","thank the formr monkey","1","1","1","-888","","","","","","","","","","","","","","","","1","","thank the formr monkey","1, 2, 3, 4, 5, 6, 7, -888","thank the formr monkey","-888","-888","2","asd15","1","thank the formr monkey","1","1","1","-888","","","","","","","","","","","","","","","","1","","thank the formr monkey","1, 2, 3, 4, 5, 6, 7, -888","thank the formr monkey","-888","-888","2","asd16","1","thank the formr monkey","1","1","1","-888","","","","","","","","","","","","","","","","1","","thank the formr monkey","1, 2, 3, 4, 5, 6, 7, -888","thank the formr monkey","-888","-888","2","2"
"helplessZebraSharkXXXkhx14FLF56K4VSvIfMlJMMoM5ac1Z4a-YSlogdQ8n0d","41381574","157886","45","2026-04-15 07:12:16","","2026-04-15 07:12:33","","","","","","","","","","","","","","","","","","","","","","","","","","","","","","","","","","","","","","","","","","","","","","","","","","","","","","","","","","","","","","","","","","","","","","","","","","","","","","","","","","","","","","","","","","","","","","","","","","","","","","","","","","","","","","","","","","","","","","","","","","","","","","","","","","","","","","","","","","","","","","","","","","","","","","","","","","","","","","","","","","","","","","","","","","","","","","","","","","","","","","","","","","","","","","","","","","","","","","","","","","","","","","","","","","","","","","","","","","","","","","","","","","","","","","","","","","","","","","","","","","","","","","","","","","","","","","","","","","","","","","","","","","","","","","","","","","","","","","","","","","","","","","","","","","","","","","","","","","","","","","",""
"difficultChinookXXX4NRh5uWSjZkpILwvxuG5O2huTKHQrAqsKL_8FZf18NdNu","41381600","157886","46","2026-04-15 07:29:31","","2026-04-15 07:29:48","","","","","","","","","","","","","","","","","","","","","","","","","","","","","","","","","","","","","","","","","","","","","","","","","","","","","","","","","","","","","","","","","","","","","","","","","","","","","","","","","","","","","","","","","","","","","","","","","","","","","","","","","","","","","","","","","","","","","","","","","","","","","","","","","","","","","","","","","","","","","","","","","","","","","","","","","","","","","","","","","","","","","","","","","","","","","","","","","","","","","","","","","","","","","","","","","","","","","","","","","","","","","","","","","","","","","","","","","","","","","","","","","","","","","","","","","","","","","","","","","","","","","","","","","","","","","","","","","","","","","","","","","","","","","","","","","","","","","","","","","","","","","","","","","","","","","","","","","","","","","","",""
"braveQuailXXXqm5JA4jEYrcGmrW7-Jv9T39Y0o-jp2uN19so0XfCntJTp_56bBp","41381608","157886","47","2026-04-15 07:32:58","","2026-04-15 07:33:14","","","","","","","","","","","","","","","","","","","","","","","","","","","","","","","","","","","","","","","","","","","","","","","","","","","","","","","","","","","","","","","","","","","","","","","","","","","","","","","","","","","","","","","","","","","","","","","","","","","","","","","","","","","","","","","","","","","","","","","","","","","","","","","","","","","","","","","","","","","","","","","","","","","","","","","","","","","","","","","","","","","","","","","","","","","","","","","","","","","","","","","","","","","","","","","","","","","","","","","","","","","","","","","","","","","","","","","","","","","","","","","","","","","","","","","","","","","","","","","","","","","","","","","","","","","","","","","","","","","","","","","","","","","","","","","","","","","","","","","","","","","","","","","","","","","","","","","","","","","","","","",""
"WoSDTBtrJ65nk2gmbPwCUmIyKOTD_RL_TJGX-YTeY_KrZdJ48QAYHxCITNfVIV9u","41385548","157886","48","2026-04-15 17:06:26","","2026-04-15 17:06:33","","","","","","","","","","","","","","","","","","","","","","","","","","","","","","","","","","","","","","","","","","","","","","","","","","","","","","","","","","","","","","","","","","","","","","","","","","","","","","","","","","","","","","","","","","","","","","","","","","","","","","","","","","","","","","","","","","","","","","","","","","","","","","","","","","","","","","","","","","","","","","","","","","","","","","","","","","","","","","","","","","","","","","","","","","","","","","","","","","","","","","","","","","","","","","","","","","","","","","","","","","","","","","","","","","","","","","","","","","","","","","","","","","","","","","","","","","","","","","","","","","","","","","","","","","","","","","","","","","","","","","","","","","","","","","","","","","","","","","","","","","","","","","","","","","","","","","","","","","","","","","",""
"31lTH01cYA4oo5haAsYhqOtAz0RcI6iVrE20rhAbHV4iAdnaCOMGCoMc8vrBPwxL","41387293","157886","49","2026-04-15 20:01:28","","2026-04-15 20:01:35","","","","","","","","","","","","","","","","","","","","","","","","","","","","","","","","","","","","","","","","","","","","","","","","","","","","","","","","","","","","","","","","","","","","","","","","","","","","","","","","","","","","","","","","","","","","","","","","","","","","","","","","","","","","","","","","","","","","","","","","","","","","","","","","","","","","","","","","","","","","","","","","","","","","","","","","","","","","","","","","","","","","","","","","","","","","","","","","","","","","","","","","","","","","","","","","","","","","","","","","","","","","","","","","","","","","","","","","","","","","","","","","","","","","","","","","","","","","","","","","","","","","","","","","","","","","","","","","","","","","","","","","","","","","","","","","","","","","","","","","","","","","","","","","","","","","","","","","","","","","","","",""
"CtZHumEHYmoZ9B_Y3HvbE-U5N7Kpg_R8xMoceMxRk35Y3GIHXAGYIYyWgPoDG-tr","41391418","157886","50","2026-04-16 17:11:20","","2026-04-16 17:11:29","","","","","","","","","","","","","","","","","","","","","","","","","","","","","","","","","","","","","","","","","","","","","","","","","","","","","","","","","","","","","","","","","","","","","","","","","","","","","","","","","","","","","","","","","","","","","","","","","","","","","","","","","","","","","","","","","","","","","","","","","","","","","","","","","","","","","","","","","","","","","","","","","","","","","","","","","","","","","","","","","","","","","","","","","","","","","","","","","","","","","","","","","","","","","","","","","","","","","","","","","","","","","","","","","","","","","","","","","","","","","","","","","","","","","","","","","","","","","","","","","","","","","","","","","","","","","","","","","","","","","","","","","","","","","","","","","","","","","","","","","","","","","","","","","","","","","","","","","","","","","","",""
"_2klF_SYJzDVleosNEkK9EtwcG8HtUtnNnzZiD0FEFiSfNEuxfZbXBmJ-NIvzdMD","41417831","157886","51","2026-04-21 21:13:13","","2026-04-21 21:13:26","","","","","","","","","","","","","","","","","","","","","","","","","","","","","","","","","","","","","","","","","","","","","","","","","","","","","","","","","","","","","","","","","","","","","","","","","","","","","","","","","","","","","","","","","","","","","","","","","","","","","","","","","","","","","","","","","","","","","","","","","","","","","","","","","","","","","","","","","","","","","","","","","","","","","","","","","","","","","","","","","","","","","","","","","","","","","","","","","","","","","","","","","","","","","","","","","","","","","","","","","","","","","","","","","","","","","","","","","","","","","","","","","","","","","","","","","","","","","","","","","","","","","","","","","","","","","","","","","","","","","","","","","","","","","","","","","","","","","","","","","","","","","","","","","","","","","","","","","","","","","","",""
"UvigNG7Bhdm1ZxEVfOwsbhcZYUten9kun1ks-Px33nfqICHXCZbTI3iFfzO3Uqlf","41421756","157886","52","2026-04-22 16:08:03","","2026-04-22 16:08:10","","","","","","","","","","","","","","","","","","","","","","","","","","","","","","","","","","","","","","","","","","","","","","","","","","","","","","","","","","","","","","","","","","","","","","","","","","","","","","","","","","","","","","","","","","","","","","","","","","","","","","","","","","","","","","","","","","","","","","","","","","","","","","","","","","","","","","","","","","","","","","","","","","","","","","","","","","","","","","","","","","","","","","","","","","","","","","","","","","","","","","","","","","","","","","","","","","","","","","","","","","","","","","","","","","","","","","","","","","","","","","","","","","","","","","","","","","","","","","","","","","","","","","","","","","","","","","","","","","","","","","","","","","","","","","","","","","","","","","","","","","","","","","","","","","","","","","","","","","","","","","",""
